{"cameraMode":{"drawMode":0,"name":"Shaded","section":"Shading Mode"},"sceneLighting":true,"audioPlay":false,"sceneViewState":{"showFog":true,"showMaterialUpdate":false,"showSkybox":true,"showFlares":true,"showImageEffects":true,"showParticleSystems":true,"showVisualEffectGraphs":true,"m_FxEnabled":false},"in2DMode":false,"pivot":{"x":0.22214145958423615,"y":0.447848916053772,"z":2.7331480979919435},"rotation":{"x":-0.00009765741560840979,"y":0.9993498921394348,"z":-0.03599202632904053,"w":-0.0027019078843295576},"size":0.5586763620376587,"orthographic":false}