{"cameraMode":{"drawMode":0,"name":"Shaded","section":"Shading Mode"},"sceneLighting":false,"audioPlay":false,"sceneViewState":{"showFog":true,"showMaterialUpdate":false,"showSkybox":true,"showFlares":true,"showImageEffects":true,"showParticleSystems":true,"showVisualEffectGraphs":true,"m_FxEnabled":false},"in2DMode":false,"pivot":{"x":0.1094561368227005,"y":1.4227266311645508,"z":1.4229531288146973},"rotation":{"x":0.035987336188554767,"y":0.0164885725826025,"z":-0.0005938397953286767,"w":0.9992162585258484},"size":0.5624874830245972,"orthographic":false}